id,controller,type,description,related_hazards,context
UCA-Human-ActivateParkPilotScreen-not_providing-1,Human,not_provided,"Human does not activate the ParkPilot screen when intending to park, leading to the system not assisting in parking.",,"{'process_model_variables': [{'name': 'Context', 'state': 'Driver attempts to park but fails to activate the ParkPilot screen, resulting in manual parking without assistance and potential improper parking or system unavailability.'}]}"
UCA-Human-ActivateParkPilotScreen-providing-1,Human,provided,"Human activates the ParkPilot screen outside the Operational Design Domain (ODD), causing the system to attempt parking in unsafe or unsupported conditions.",,"{'process_model_variables': [{'name': 'Context', 'state': 'Driver activates ParkPilot screen in an environment or situation not supported by the system (e.g., high-speed road, restricted area), leading to system misbehavior or unsafe operation.'}]}"
UCA-Human-ActivateParkPilotScreen-timing-1,Human,too_early_too_late,Human activates the ParkPilot screen too early before the vehicle is in a suitable position or too late after missing the parking opportunity.,,"{'process_model_variables': [{'name': 'Context', 'state': 'Driver activates ParkPilot screen before the vehicle is near valid parking spaces or after passing the parking spot, causing the system to fail to identify or select the correct parking space.'}]}"
UCA-Human-ActivateParkPilotScreen-duration-1,Human,stopped_too_soon_applied_too_long,"Human keeps the ParkPilot screen activated for too long without proceeding to select a parking space or canceling, causing system confusion or timeout.",,"{'process_model_variables': [{'name': 'Context', 'state': 'Driver activates the ParkPilot screen but delays interaction, causing the system to remain in an active but idle state, potentially leading to system unavailability or excessive parking time.'}]}"
UCA-Human-Cancel-not_providing-1,Human,not_provided,"Human does not provide the Cancel control action when the vehicle violates minimum distance to objects, leading to continued unsafe proximity.",,"{'process_model_variables': [{'name': 'Context', 'state': 'During the parking maneuver, the vehicle approaches an obstacle closer than the minimum safe distance, but the human fails to cancel the parking process to stop the vehicle.'}]}"
UCA-Human-Cancel-not_providing-2,Human,not_provided,"Human continuously provides the Cancel control action even when not required, preventing normal system operation.",,"{'process_model_variables': [{'name': 'Context', 'state': 'The autonomous parking system activates in an environment or condition outside its safe operational limits, and the human does not cancel the operation promptly.'}]}"
UCA-Human-Cancel-not_providing-3,Human,not_provided,Human does not provide the Cancel control action when the vehicle is parking in the wrong space or improperly within the desired parking space.,,"{'process_model_variables': [{'name': 'Context', 'state': 'The vehicle begins or continues parking in an incorrect or undesired parking space, and the human fails to cancel the parking maneuver to correct the error.'}]}"
UCA-Human-Cancel-not_providing-4,Human,not_provided,Human does not provide the Cancel control action when the vehicle exhibits too severe acceleration or deceleration during parking.,,"{'process_model_variables': [{'name': 'Context', 'state': 'During the parking process, the vehicle accelerates or decelerates beyond safe limits, but the human does not intervene by canceling the maneuver.'}]}"
UCA-Human-Cancel-not_providing-5,Human,not_provided,Human does not provide the Cancel control action when the vehicle is stopped in a location where passengers cannot safely exit.,,"{'process_model_variables': [{'name': 'Context', 'state': 'The vehicle completes parking but stops in a location that blocks passenger egress, and the human fails to cancel or adjust the maneuver.'}]}"
UCA-Human-Cancel-providing-1,Human,provided,"Human provides the Cancel control action unnecessarily during a valid parking maneuver, causing premature termination.",,"{'process_model_variables': [{'name': 'Context', 'state': 'The parking process is proceeding correctly within operational limits, but the human cancels the maneuver, causing incomplete parking or system unavailability.'}]}"
UCA-Human-Cancel-providing-2,Human,provided,"Human provides the Cancel control action while the vehicle is moving and serving passengers who are not safely seated, leading to unsafe vehicle behavior.",,"{'process_model_variables': [{'name': 'Context', 'state': {'process_model_variables': [{'name': 'Context', 'state': 'During passenger boarding or alighting, the human cancels the parking process abruptly, potentially causing unexpected vehicle movement.'}]}}]}"
UCA-Human-Cancel-providing-3,Human,provided,"Human provides the Cancel control action during system activation outside the ODD, but the cancel command is ignored or delayed, causing unsafe operation.",,"{'process_model_variables': [{'name': 'Context', 'state': 'The system activates outside its safe domain, the human attempts to cancel, but the system fails to respond promptly.'}]}"
UCA-Human-Cancel-timing-1,Human,too_early_too_late,"Human provides the Cancel control action too late after the vehicle violates minimum safe distance, failing to prevent collision.",,"{'process_model_variables': [{'name': 'Context', 'state': 'The vehicle approaches an obstacle dangerously close, but the human delays canceling the parking maneuver until after a hazard has occurred.'}]}"
UCA-Human-Cancel-timing-2,Human,too_early_too_late,"Human provides the Cancel control action too early during a valid parking maneuver, causing unnecessary interruption and incomplete parking.",,"{'process_model_variables': [{'name': 'Context', 'state': 'The parking process is ongoing and safe, but the human cancels prematurely, causing the vehicle to stop outside the desired parking space.'}]}"
UCA-Human-Cancel-timing-3,Human,too_early_too_late,"Human provides the Cancel control action out of sequence, e.g., canceling before selecting a parking space, causing system confusion or errors.",,"{'process_model_variables': [{'name': 'Context', 'state': 'The human cancels the parking process before the system has identified or confirmed a parking space, leading to inconsistent system states.'}]}"
UCA-Human-Cancel-duration-1,Human,stopped_too_soon_applied_too_long,"Human holds the Cancel control action input too briefly, causing the system to ignore the cancel command and continue unsafe parking.",,"{'process_model_variables': [{'name': 'Context', 'state': 'The human attempts to cancel the parking maneuver by briefly pressing the cancel button or brake, but the system does not register the input.'}]}"
UCA-Human-Cancel-duration-2,Human,stopped_too_soon_applied_too_long,"Human holds the Cancel control action input too long, causing unintended system reset or loss of system state.",,"{'process_model_variables': [{'name': 'Context', 'state': 'The human presses and holds the cancel control excessively, causing the system to reset or lose current parking data, leading to incorrect parking behavior.'}]}"
UCA-Human-SelectParkingSpace-not_providing-1,Human,not_provided,"Human does not select any parking space when prompted, causing the system to be unable to proceed with parking.",,"{'process_model_variables': [{'name': 'Context', 'state': 'The driver fails to select a parking space within the allowed time or ignores the prompt, leading to inability to identify a parking space and the autonomous parking system becoming unavailable or timing out.'}]}"
UCA-Human-SelectParkingSpace-not_providing-2,Human,not_provided,"Human does not select a parking space despite the vehicle being in an operational design domain (ODD), leading to system activation outside ODD or involuntary activation.",,"{'process_model_variables': [{'name': 'Context', 'state': {'process_model_variables': [{'name': 'Context', 'state': 'The driver does not select a parking space but the system activates or attempts to activate parking functions regardless, causing hazards related to activation outside ODD or involuntary activation.'}]}}]}"
UCA-Human-SelectParkingSpace-providing-1,Human,provided,"Human selects a parking space that is too small or obstructed, causing the vehicle to attempt parking in an invalid space.",,"{'process_model_variables': [{'name': 'Context', 'state': 'The driver selects a parking space that does not meet size or obstacle-free constraints, leading to wrong space identification and improper parking.'}]}"
UCA-Human-SelectParkingSpace-providing-2,Human,provided,"Human selects a parking space while the system is outside the operational design domain (ODD), causing system activation outside allowed conditions.",,"{'process_model_variables': [{'name': 'Context', 'state': 'The driver selects a parking space when environmental or system conditions do not allow safe parking, leading to hazards from system activation outside ODD or involuntary activation.'}]}"
UCA-Human-SelectParkingSpace-timing-1,Human,too_early_too_late,Human selects a parking space too early before the vehicle is in a suitable position or before the system is ready to start parking.,,"{'process_model_variables': [{'name': 'Context', 'state': 'The driver selects a parking space prematurely, causing the system to misinterpret the environment or state, leading to wrong space identification or incorrect system state communication.'}]}"
UCA-Human-SelectParkingSpace-timing-2,Human,too_early_too_late,Human selects a parking space too late after the system has started searching or after the parking maneuver has begun.,,"{'process_model_variables': [{'name': 'Context', 'state': 'The driver delays selection until after the system has started parking, causing inability to identify parking space properly or exceeding allowed parking time.'}]}"
UCA-Human-SelectParkingSpace-timing-3,Human,too_early_too_late,"Human selects parking spaces out of sequence, e.g., switching between spaces repeatedly during the parking process.",,"{'process_model_variables': [{'name': 'Context', 'state': 'The driver changes the selected parking space multiple times during the parking maneuver, causing confusion in system state and potentially improper parking.'}]}"
UCA-Human-SelectParkingSpace-duration-1,Human,stopped_too_soon_applied_too_long,"Human holds the selection input too briefly, causing the system to not register the parking space selection.",,"{'process_model_variables': [{'name': 'Context', 'state': 'The driver taps or presses the selection control too quickly or inconsistently, leading to failure in recognizing the selected parking space and inability to proceed.'}]}"
UCA-Human-SelectParkingSpace-duration-2,Human,stopped_too_soon_applied_too_long,"Human holds the selection input too long, causing the system to misinterpret the command or trigger unintended actions.",,"{'process_model_variables': [{'name': 'Context', 'state': 'The driver presses and holds the selection button or control excessively, causing the system to misinterpret the input as multiple selections or activation commands, leading to wrong space identification or involuntary activation.'}]}"
UCA-Human-EmergencyCancelByBrake-not_providing-1,Human,not_provided,"Human does not perform emergency cancel by brake when an immediate stop is required during parking, leading to continued autonomous parking maneuvers.",,"{'process_model_variables': [{'name': 'Context', 'state': 'During an emergency situation where the vehicle violates minimum distance to objects or an emergency stop is necessary, the human fails to press the brake to cancel the parking maneuver.'}]}"
UCA-Human-EmergencyCancelByBrake-providing-1,Human,provided,"Human performs emergency cancel by brake unnecessarily when the parking maneuver is proceeding safely, causing abrupt stop of the parking process.",,"{'process_model_variables': [{'name': 'Context', 'state': 'Human presses the brake pedal to cancel parking even though the system is operating correctly and within operational design domain (ODD), interrupting the parking process prematurely.'}]}"
UCA-Human-EmergencyCancelByBrake-timing-1,Human,too_early_too_late,"Human performs emergency cancel by brake too late after a hazard has already occurred, failing to prevent collision or unsafe conditions.",,"{'process_model_variables': [{'name': 'Context', 'state': 'Human delays pressing the brake pedal after the vehicle has already violated minimum safe distance or an emergency stop was necessary, reducing effectiveness of the emergency cancel.'}]}"
UCA-Human-EmergencyCancelByBrake-duration-1,Human,stopped_too_soon_applied_too_long,"Human holds the brake pedal pressed too long, causing the parking process to remain canceled and preventing resumption of parking.",,"{'process_model_variables': [{'name': 'Context', 'state': 'Human continuously presses the brake pedal beyond the necessary time to cancel, causing the system to remain inactive and the vehicle not to complete parking within allowed moves.'}]}"
UCA-Human-PressBrake-not_providing-1,Human,not_provided,"Human does not press the brake pedal when the vehicle is approaching an obstacle too closely, leading to failure to stop and violation of minimum safe distance.",,"{'process_model_variables': [{'name': 'Context', 'state': 'During parking or maneuvering, the driver fails to apply the brake pedal when the vehicle is too close to an object or curb, causing potential collision or unsafe stopping location.'}]}"
UCA-Human-PressBrake-not_providing-2,Human,not_provided,"Human does not press the brake pedal to abort the parking maneuver during an emergency or system malfunction, preventing the vehicle from stopping as required.",,"{'process_model_variables': [{'name': 'Context', 'state': 'The driver fails to intervene by pressing the brake pedal to cancel the ParkPilot system when it activates outside the operational design domain or when an emergency stop is necessary.'}]}"
UCA-Human-PressBrake-not_providing-3,Human,not_provided,"Human does not press the brake pedal when the vehicle is moving while passengers are not safely seated, allowing unsafe vehicle movement.",,"{'process_model_variables': [{'name': 'Context', 'state': 'During passenger boarding or alighting, the driver fails to press the brake pedal to prevent vehicle movement while passengers are not safely seated.'}]}"
UCA-Human-PressBrake-providing-1,Human,provided,"Human presses the brake pedal unnecessarily or excessively, causing abrupt deceleration that exceeds safe limits.",,"{'process_model_variables': [{'name': 'Context', 'state': 'The driver applies the brake pedal too hard or when not required, causing harsh deceleration that may harm passengers or damage the vehicle and surroundings.'}]}"
UCA-Human-PressBrake-providing-2,Human,provided,"Human presses the brake pedal while the vehicle is outside the operational design domain (ODD), causing unintended system activation or emergency stop.",,"{'process_model_variables': [{'name': 'Context', 'state': 'The driver presses the brake pedal in conditions where the ParkPilot system should not be active, leading to system confusion or involuntary activation.'}]}"
UCA-Human-PressBrake-providing-3,Human,provided,"Human presses the brake pedal while the vehicle is moving in a turn at speeds exceeding 20 km/h, causing instability or loss of control.",,"{'process_model_variables': [{'name': 'Context', 'state': 'During a turn at excessive speed, the driver presses the brake pedal abruptly, potentially causing skidding or loss of vehicle control.'}]}"
UCA-Human-PressBrake-timing-1,Human,too_early_too_late,"Human presses the brake pedal too late when the vehicle is approaching an obstacle, failing to prevent collision or violation of minimum distance.",,"{'process_model_variables': [{'name': 'Context', 'state': 'The driver delays pressing the brake pedal during parking or maneuvering, resulting in insufficient stopping distance and potential collision.'}]}"
UCA-Human-PressBrake-timing-2,Human,too_early_too_late,"Human presses the brake pedal too early during the parking maneuver, causing unnecessary interruption or failure to complete the parking process correctly.",,"{'process_model_variables': [{'name': 'Context', 'state': 'The driver applies the brake pedal prematurely during automated parking, causing the vehicle to stop before properly positioning within the parking space.'}]}"
UCA-Human-PressBrake-timing-3,Human,too_early_too_late,"Human presses the brake pedal out of sequence, such as pressing it when the system expects acceleration or steering input, causing system confusion or unsafe behavior.",,"{'process_model_variables': [{'name': 'Context', 'state': 'During the parking process, the driver presses the brake pedal at an unexpected time, disrupting the control sequence and potentially causing unsafe vehicle states.'}]}"
UCA-Human-PressBrake-duration-1,Human,stopped_too_soon_applied_too_long,"Human presses and holds the brake pedal too long, causing the vehicle to remain stopped unnecessarily and exceeding allowed parking time.",,"{'process_model_variables': [{'name': 'Context', 'state': 'The driver maintains brake pressure beyond the required stopping time during parking, leading to inefficient parking and potential system timeout.'}]}"
UCA-Human-PressBrake-duration-2,Human,stopped_too_soon_applied_too_long,"Human releases the brake pedal too soon during an emergency stop, causing the vehicle to move unexpectedly and fail to stop safely.",,"{'process_model_variables': [{'name': 'Context', 'state': 'During an emergency stop or obstacle avoidance, the driver releases the brake pedal prematurely, allowing the vehicle to move into unsafe areas.'}]}"
UCA-Human-PressBrake-duration-3,Human,stopped_too_soon_applied_too_long,"Human intermittently presses and releases the brake pedal during parking, causing inconsistent braking and unstable vehicle behavior.",,"{'process_model_variables': [{'name': 'Context', 'state': 'The driver applies the brake pedal in a start-stop manner during parking, leading to jerky movements and improper parking alignment.'}]}"
UCA-ParkPiIotController-ActivateBrake-not_providing-1,ParkPiIot Controller,not_provided,"The ParkPiIot Controller fails to activate the brake when the vehicle is approaching an obstacle too closely, leading to violation of minimum distance to objects.",,"{'process_model_variables': [{'name': 'Context', 'state': 'Occurs when sensor data indicates an obstacle within unsafe proximity but the controller does not send the activate brake command, possibly due to sensor failure or incorrect process model.'}]}"
UCA-ParkPiIotController-ActivateBrake-providing-1,ParkPiIot Controller,provided,"The ParkPiIot Controller activates the brake unnecessarily when no obstacle or hazard is detected, causing abrupt stops and potential loss of customer satisfaction.",,"{'process_model_variables': [{'name': 'Context', 'state': 'Occurs when the controller misinterprets sensor data or misidentifies parking space boundaries, activating brakes without valid reason.'}]}"
UCA-ParkPiIotController-ActivateBrake-timing-1,ParkPiIot Controller,too_early_too_late,"The ParkPiIot Controller activates the brake too late after detecting an obstacle, resulting in insufficient stopping distance and potential collision.",,"{'process_model_variables': [{'name': 'Context', 'state': 'Occurs when delays in processing sensor inputs or communication latency cause late brake activation during parking maneuvers.'}]}"
UCA-ParkPiIotController-ActivateBrake-duration-1,ParkPiIot Controller,stopped_too_soon_applied_too_long,"The ParkPiIot Controller keeps the brake activated for too long after the vehicle has stopped, causing unnecessary wear and possible vehicle immobilization.",,"{'process_model_variables': [{'name': 'Context', 'state': 'Occurs when the controller does not release the brake promptly after parking is complete or when the vehicle is stationary.'}]}"
UCA-ParkPiIotController-ActivateBrake-duration-2,ParkPiIot Controller,stopped_too_soon_applied_too_long,"The ParkPiIot Controller stops brake activation too soon before the vehicle is fully stopped, causing the vehicle to roll or collide with objects.",,"{'process_model_variables': [{'name': 'Context', 'state': 'Occurs when the controller prematurely deactivates the brake due to incorrect estimation of vehicle speed or position.'}]}"
UCA-ParkPiIotController-DeactivateBrake-not_providing-1,ParkPiIot Controller,not_provided,"The ParkPiIot Controller fails to send the 'Deactivate brake' command when the vehicle needs to move out of the parking space, causing the vehicle to remain stationary and unable to complete the parking maneuver.",,"{'process_model_variables': [{'name': 'Context', 'state': 'Occurs when the parking maneuver is complete or needs to continue, but the brake remains engaged, preventing vehicle movement and causing excessive parking time or system unavailability.'}]}"
UCA-ParkPiIotController-DeactivateBrake-providing-1,ParkPiIot Controller,provided,"The ParkPiIot Controller sends the 'Deactivate brake' command while the vehicle is not properly positioned or the parking space is not correctly identified, causing the vehicle to move unexpectedly and potentially collide with obstacles or park incorrectly.",,"{'process_model_variables': [{'name': 'Context', 'state': 'Occurs when the system deactivates the brake before confirming a valid parking space or safe distance to objects, leading to unsafe vehicle movement.'}]}"
UCA-ParkPiIotController-DeactivateBrake-timing-1,ParkPiIot Controller,too_early_too_late,"The 'Deactivate brake' command is sent too early during the parking maneuver, before the vehicle has fully stopped or before the parking space is verified, causing the vehicle to move prematurely and risk collision or parking errors.",,"{'process_model_variables': [{'name': 'Context', 'state': 'Occurs if the brake is released before the vehicle is properly aligned or the parking space is confirmed, leading to unsafe movement or wrong parking.'}]}"
UCA-ParkPiIotController-DeactivateBrake-timing-2,ParkPiIot Controller,too_early_too_late,"The 'Deactivate brake' command is sent too late after the vehicle has stopped and needs to move, causing delays in parking completion and potentially triggering system timeouts or driver intervention.",,"{'process_model_variables': [{'name': 'Context', 'state': 'Occurs when the brake remains engaged longer than necessary, delaying vehicle movement and increasing parking time beyond acceptable limits.'}]}"
UCA-ParkPiIotController-DeactivateBrake-duration-1,ParkPiIot Controller,stopped_too_soon_applied_too_long,"The 'Deactivate brake' command is applied too briefly, causing the brake to re-engage unexpectedly during vehicle movement, resulting in jerky motions or sudden stops that may confuse passengers or damage the vehicle.",,"{'process_model_variables': [{'name': 'Context', 'state': 'Occurs when the brake is released but immediately reapplied due to a control signal duration issue, causing unstable vehicle behavior during parking.'}]}"
UCA-ParkPiIotController-DeactivateBrake-duration-2,ParkPiIot Controller,stopped_too_soon_applied_too_long,"The 'Deactivate brake' command remains active for too long, causing the vehicle to roll or move uncontrollably beyond the intended parking position, potentially violating safe distances or parking boundaries.",,"{'process_model_variables': [{'name': 'Context', 'state': 'Occurs if the brake is released and not re-engaged timely, allowing the vehicle to move past the desired stopping point or into unsafe areas.'}]}"
UCA-ParkPiIotController-ActivateHazardLight-not_providing-1,ParkPiIot Controller,not_provided,"Hazard light is not activated when the vehicle is performing a parking maneuver in a complex or crowded environment, leading to other road users being unaware of the vehicle's status.",,"{'process_model_variables': [{'name': 'Context', 'state': 'During parking in busy or emergency-sensitive areas, failure to activate hazard lights may cause miscommunication to drivers and pedestrians, increasing risk of collision or impeding emergency services.'}]}"
UCA-ParkPiIotController-ActivateHazardLight-providing-1,ParkPiIot Controller,provided,"Hazard light is activated outside of the operational design domain (ODD) or when the vehicle is not engaged in parking, causing confusion to other road users and potentially leading to unsafe situations.",,"{'process_model_variables': [{'name': 'Context', 'state': 'Hazard lights turn on involuntarily or without user request while driving normally, misleading other drivers and possibly causing traffic inefficiency or emergency service obstruction.'}]}"
UCA-ParkPiIotController-ActivateHazardLight-timing-1,ParkPiIot Controller,too_early_too_late,"Hazard light is activated too late after the parking maneuver starts, delaying warning signals to surrounding traffic and increasing the risk of collision or misinterpretation of vehicle intent.",,"{'process_model_variables': [{'name': 'Context', 'state': ""When the vehicle begins parking but hazard lights are activated only after significant movement, other road users may not anticipate the vehicle's actions, increasing hazard likelihood.""}]}"
UCA-ParkPiIotController-ActivateHazardLight-timing-2,ParkPiIot Controller,too_early_too_late,"Hazard light is activated too early before the parking maneuver begins, causing unnecessary confusion or distraction to other drivers and pedestrians.",,"{'process_model_variables': [{'name': 'Context', 'state': ""Hazard lights turn on prematurely, for example, while the vehicle is still in normal driving mode, misleading others about the vehicle's intentions.""}]}"
UCA-ParkPiIotController-ActivateHazardLight-duration-1,ParkPiIot Controller,stopped_too_soon_applied_too_long,"Hazard light remains activated for too long after the parking maneuver is completed or aborted, causing confusion and miscommunication to other road users.",,"{'process_model_variables': [{'name': 'Context', 'state': 'After parking is finished or canceled, hazard lights stay on unnecessarily, potentially signaling a hazard or emergency when none exists.'}]}"
UCA-ParkPiIotController-ActivateHazardLight-duration-2,ParkPiIot Controller,stopped_too_soon_applied_too_long,"Hazard light is deactivated too soon during an ongoing parking maneuver, reducing visibility and warning to surrounding traffic and increasing collision risk.",,"{'process_model_variables': [{'name': 'Context', 'state': ""Hazard lights turn off before the vehicle has fully stopped or completed parking, causing other road users to underestimate the vehicle's status.""}]}"
UCA-ParkPiIotController-DeactivateHazardLight-not_providing-1,ParkPiIot Controller,not_provided,"Hazard light is not deactivated after parking maneuver completion, causing confusion about vehicle status.",,"{'process_model_variables': [{'name': 'Context', 'state': 'After the vehicle has completed parking and is stationary, the ParkPiIot Controller fails to send the deactivate hazard light command, leading to incorrect system state communicated to the driver and environment and possible involuntary activation perception.'}]}"
UCA-ParkPiIotController-DeactivateHazardLight-not_providing-2,ParkPiIot Controller,not_provided,"Hazard light is not deactivated when the parking maneuver is aborted, causing unclear vehicle status and potential driver confusion.",,"{'process_model_variables': [{'name': 'Context', 'state': {'process_model_variables': [{'name': 'Context', 'state': 'During an emergency cancel or manual override, the ParkPiIot Controller fails to deactivate the hazard light, resulting in the vehicle appearing to be in an emergency or active parking state when it is not.'}]}}]}"
UCA-ParkPiIotController-DeactivateHazardLight-providing-1,ParkPiIot Controller,provided,"Hazard light is deactivated prematurely during an ongoing parking maneuver, reducing visibility and signaling to other road users.",,"{'process_model_variables': [{'name': 'Context', 'state': 'While the vehicle is still performing parking maneuvers, the ParkPiIot Controller sends a deactivate hazard light command, causing other road users and pedestrians to be unaware of the vehicle’s active parking state, increasing risk of collision or obstruction.'}]}"
UCA-ParkPiIotController-DeactivateHazardLight-providing-2,ParkPiIot Controller,provided,"Hazard light is deactivated while the vehicle is stopped in a location where passengers cannot safely exit, misleading surrounding traffic and passengers.",,"{'process_model_variables': [{'name': 'Context', 'state': 'The ParkPiIot Controller deactivates the hazard light although the vehicle is stopped in a place where passengers cannot safely leave, causing confusion and potential safety risks for passengers and other road users.'}]}"
UCA-ParkPiIotController-DeactivateHazardLight-timing-1,ParkPiIot Controller,too_early_too_late,"Hazard light is deactivated too early immediately after initiating parking, before the vehicle is fully stopped or secured.",,"{'process_model_variables': [{'name': 'Context', 'state': 'The ParkPiIot Controller sends the deactivate hazard light command too soon after starting the parking maneuver, before the vehicle has reached a safe and stable parked state, increasing risk of collision or improper parking.'}]}"
UCA-ParkPiIotController-DeactivateHazardLight-timing-2,ParkPiIot Controller,too_early_too_late,"Hazard light is deactivated too late after parking completion, causing unnecessary confusion or miscommunication to other road users.",,"{'process_model_variables': [{'name': 'Context', 'state': 'After the vehicle has successfully parked and is stationary, the ParkPiIot Controller delays deactivation of the hazard light, leading to incorrect signaling and potential driver or pedestrian misunderstanding.'}]}"
UCA-ParkPiIotController-DeactivateHazardLight-duration-1,ParkPiIot Controller,stopped_too_soon_applied_too_long,"Hazard light is deactivated too soon during the parking process, before the vehicle is fully stopped and secured.",,"{'process_model_variables': [{'name': 'Context', 'state': {'process_model_variables': [{'name': 'Context', 'state': 'The ParkPiIot Controller stops the hazard light signal prematurely during parking, reducing visibility and signaling to other road users that the vehicle is no longer in an active parking state, increasing risk of collision or improper parking.'}]}}]}"
UCA-ParkPiIotController-DeactivateHazardLight-duration-2,ParkPiIot Controller,stopped_too_soon_applied_too_long,"Hazard light remains deactivated for too long after parking maneuver completion, failing to alert other road users during critical transition phases.",,"{'process_model_variables': [{'name': 'Context', 'state': {'process_model_variables': [{'name': 'Context', 'state': 'The hazard light is kept off for an extended period after parking completion or abort, causing miscommunication of vehicle status to the driver and environment, potentially leading to unsafe situations.'}]}}]}"
UCA-ParkPiIotController-SetAcceleration0-not_providing-1,ParkPiIot Controller,not_provided,"The ParkPiIot Controller does not set acceleration to 0 when the vehicle is supposed to stop during parking, leading to unintended movement.",,"{'process_model_variables': [{'name': 'Context', 'state': 'During the final parking maneuver, the controller fails to command zero acceleration, causing the vehicle to continue moving and potentially violate minimum distance to objects or park improperly.'}]}"
UCA-ParkPiIotController-SetAcceleration0-providing-1,ParkPiIot Controller,provided,The ParkPiIot Controller sets acceleration to 0 while the vehicle should still be moving to complete the parking maneuver.,,"{'process_model_variables': [{'name': 'Context', 'state': 'During parking, the controller commands zero acceleration prematurely, causing the vehicle to stop before parking is complete, resulting in incomplete parking or extended parking time beyond allowed limits.'}]}"
UCA-ParkPiIotController-SetAcceleration0-timing-1,ParkPiIot Controller,too_early_too_late,The ParkPiIot Controller sets acceleration to 0 too early or too late during the parking sequence.,,"{'process_model_variables': [{'name': 'Context', 'state': 'If zero acceleration is commanded too early, the vehicle may stop before reaching the parking space; if too late, the vehicle may overshoot or collide with obstacles, violating minimum distance constraints.'}]}"
UCA-ParkPiIotController-SetAcceleration0-duration-1,ParkPiIot Controller,stopped_too_soon_applied_too_long,The ParkPiIot Controller maintains acceleration at 0 for too short or too long a duration during parking.,,"{'process_model_variables': [{'name': 'Context', 'state': 'If zero acceleration is applied too briefly, the vehicle may creep forward unintentionally; if applied too long, the vehicle may remain stationary excessively, causing delays or blocking traffic.'}]}"
UCA-ParkPiIotController-SetAccelerationNegative-not_providing-1,ParkPiIot Controller,not_provided,The ParkPiIot Controller does not set negative acceleration (deceleration) when required to slow down or stop during parking maneuvers.,,"{'process_model_variables': [{'name': 'Context', 'state': 'During parking, the vehicle approaches an obstacle or the desired parking space boundary, but the controller fails to command deceleration, causing the vehicle to continue moving forward without slowing.'}]}"
UCA-ParkPiIotController-SetAccelerationNegative-providing-1,ParkPiIot Controller,provided,"The ParkPiIot Controller sets negative acceleration when it is not needed, causing unnecessary or excessive deceleration.",,"{'process_model_variables': [{'name': 'Context', 'state': 'The vehicle is moving smoothly within the parking space or approaching at a safe speed, but the controller commands deceleration abruptly or unnecessarily, leading to jerky movements or prolonged parking time.'}]}"
UCA-ParkPiIotController-SetAccelerationNegative-timing-1,ParkPiIot Controller,too_early_too_late,The ParkPiIot Controller sets negative acceleration too early or too late during the parking maneuver.,,"{'process_model_variables': [{'name': 'Context', 'state': 'The controller delays deceleration until the vehicle is too close to an obstacle or applies deceleration too early causing inefficient parking trajectory or abrupt stops.'}]}"
UCA-ParkPiIotController-SetAccelerationNegative-duration-1,ParkPiIot Controller,stopped_too_soon_applied_too_long,The ParkPiIot Controller applies negative acceleration for too short or too long a duration during parking.,,"{'process_model_variables': [{'name': 'Context', 'state': 'Deceleration is applied briefly and then stopped prematurely causing the vehicle to overshoot the parking space, or deceleration is applied excessively long causing the vehicle to stop unnecessarily or prolong parking time.'}]}"
UCA-ParkPiIotController-SetAccelerationPositive-not_providing-1,ParkPiIot Controller,not_provided,"The ParkPiIot Controller does not set positive acceleration when needed to move the vehicle into the parking space, causing the vehicle to stall or fail to complete the parking maneuver.",,"{'process_model_variables': [{'name': 'Context', 'state': 'During the parking maneuver, the vehicle requires positive acceleration to move forward into the parking space, but the controller fails to provide it due to sensor failure or incorrect process model, leading to incomplete parking or system unavailability.'}]}"
UCA-ParkPiIotController-SetAccelerationPositive-providing-1,ParkPiIot Controller,provided,"The ParkPiIot Controller sets positive acceleration when the vehicle is already too close to an object or obstacle, causing the vehicle to violate minimum distance constraints.",,"{'process_model_variables': [{'name': 'Context', 'state': 'The controller commands positive acceleration despite detecting an obstacle within the minimum safe distance or outside the operational design domain (ODD), potentially causing collisions or unsafe vehicle movement.'}]}"
UCA-ParkPiIotController-SetAccelerationPositive-timing-1,ParkPiIot Controller,too_early_too_late,"The ParkPiIot Controller sets positive acceleration too early before the parking space is correctly identified or before the vehicle is aligned properly, causing the vehicle to move into an incorrect or unsafe position.",,"{'process_model_variables': [{'name': 'Context', 'state': 'Acceleration is applied before the parking space is confirmed or before steering adjustments are made, leading to wrong space identification or improper parking within the space.'}]}"
UCA-ParkPiIotController-SetAccelerationPositive-duration-1,ParkPiIot Controller,stopped_too_soon_applied_too_long,"The ParkPiIot Controller applies positive acceleration for too long, causing the vehicle to overshoot the parking space or exceed safe velocity limits.",,"{'process_model_variables': [{'name': 'Context', 'state': 'Acceleration is maintained beyond the required duration during parking, resulting in the vehicle moving past the intended parking boundaries or accelerating to unsafe speeds.'}]}"
UCA-ParkPiIotController-SetAccelerationPositive-not_providing-2,ParkPiIot Controller,not_provided,"The ParkPiIot Controller fails to provide positive acceleration when the vehicle needs to exit a parking maneuver or reposition, causing the vehicle to remain stationary in an unsafe or obstructive location.",,"{'process_model_variables': [{'name': 'Context', 'state': 'After an aborted or completed parking attempt, the vehicle requires positive acceleration to move out of the parking space or emergency stop location, but the controller does not provide it, causing obstruction or emergency service impediment.'}]}"
UCA-ParkPiIotController-SetAccelerationPositive-providing-2,ParkPiIot Controller,provided,The ParkPiIot Controller provides positive acceleration while passengers are not safely seated or while the vehicle is outside the defined driving area.,,"{'process_model_variables': [{'name': 'Context', 'state': 'Acceleration is commanded despite safety checks indicating passengers are not seated or the vehicle is outside allowed boundaries, risking injury or unsafe operation.'}]}"
UCA-ParkPiIotController-SetAccelerationPositive-timing-2,ParkPiIot Controller,too_early_too_late,"The ParkPiIot Controller sets positive acceleration too late after the driver has requested parking, causing delays that lead to extended parking time or driver confusion.",,"{'process_model_variables': [{'name': 'Context', 'state': 'Acceleration is delayed due to slow processing or communication lag, causing the parking maneuver to take longer than allowed or incorrect system state displayed to the driver.'}]}"
UCA-ParkPiIotController-SetAccelerationPositive-duration-2,ParkPiIot Controller,stopped_too_soon_applied_too_long,"The ParkPiIot Controller stops positive acceleration too soon, causing the vehicle to stop short of the parking space or fail to complete the maneuver.",,"{'process_model_variables': [{'name': 'Context', 'state': 'Acceleration is cut off prematurely due to sensor misinterpretation or controller error, resulting in incomplete parking or wrong space occupancy.'}]}"
UCA-ParkPiIotController-SetGearForward-not_providing-1,ParkPiIot Controller,not_provided,"The ParkPiIot Controller does not set the gear to Forward when the vehicle is supposed to move forward into the parking space, causing the vehicle to remain stationary and fail to complete the parking maneuver.",,"{'process_model_variables': [{'name': 'Context', 'state': 'During the parking maneuver, the system fails to command the gearbox to set gear Forward when forward movement is required to position the vehicle properly within the parking space.'}]}"
UCA-ParkPiIotController-SetGearForward-not_providing-2,ParkPiIot Controller,not_provided,"The ParkPiIot Controller does not set gear Forward when the vehicle needs to leave a parking space or move forward safely, potentially causing the vehicle to block traffic or emergency services.",,"{'process_model_variables': [{'name': 'Context', 'state': 'When the vehicle needs to exit a parking space or reposition forward, the controller fails to provide the gear Forward command, causing the vehicle to remain immobile and obstruct traffic or emergency operations.'}]}"
UCA-ParkPiIotController-SetGearForward-providing-1,ParkPiIot Controller,provided,"The ParkPiIot Controller sets gear Forward when the vehicle is not supposed to move forward, causing it to violate minimum distance to objects or park in the wrong space.",,"{'process_model_variables': [{'name': 'Context', 'state': 'The controller commands gear Forward while the vehicle is too close to obstacles or when the parking space has not been correctly identified, leading to collisions or improper parking.'}]}"
UCA-ParkPiIotController-SetGearForward-providing-2,ParkPiIot Controller,provided,"The ParkPiIot Controller sets gear Forward while the system is activated outside the Operational Design Domain (ODD), causing unsafe vehicle movement.",,"{'process_model_variables': [{'name': 'Context', 'state': 'The controller issues a Forward gear command when the system is not allowed to operate (e.g., in unsuitable environments or conditions), potentially causing involuntary activation or unsafe driving.'}]}"
UCA-ParkPiIotController-SetGearForward-timing-1,ParkPiIot Controller,too_early_too_late,"The ParkPiIot Controller sets gear Forward too early before the vehicle has properly identified the parking space, leading to collisions or parking in the wrong space.",,"{'process_model_variables': [{'name': 'Context', 'state': 'The gear Forward command is issued before the parking space detection process is complete or validated, causing the vehicle to move forward prematurely into unsafe or incorrect areas.'}]}"
UCA-ParkPiIotController-SetGearForward-timing-2,ParkPiIot Controller,too_early_too_late,"The ParkPiIot Controller sets gear Forward too late after the vehicle should have started moving forward, causing delays that result in excessive parking time or failure to complete the maneuver.",,"{'process_model_variables': [{'name': 'Context', 'state': 'Delays in issuing the Forward gear command cause the parking maneuver to take longer than allowed, potentially leading to system unavailability or user dissatisfaction.'}]}"
UCA-ParkPiIotController-SetGearForward-duration-1,ParkPiIot Controller,stopped_too_soon_applied_too_long,"The ParkPiIot Controller keeps gear Forward engaged too long, causing the vehicle to overshoot the parking space or collide with obstacles.",,"{'process_model_variables': [{'name': 'Context', 'state': 'The gear Forward command remains active beyond the intended movement, causing the vehicle to move forward excessively and violate safe distances or parking boundaries.'}]}"
UCA-ParkPiIotController-SetGearForward-duration-2,ParkPiIot Controller,stopped_too_soon_applied_too_long,"The ParkPiIot Controller stops providing gear Forward too soon, causing the vehicle to stop prematurely and fail to park properly within the desired parking space.",,"{'process_model_variables': [{'name': 'Context', 'state': 'The gear Forward command is disengaged before the vehicle reaches the correct position in the parking space, resulting in incomplete parking or the need for additional maneuvers.'}]}"
UCA-ParkPiIotController-SetGearNeutral-not_providing-1,ParkPiIot Controller,not_provided,"The ParkPiIot Controller does not set the gear to Neutral when the vehicle is supposed to stop and park, causing the vehicle to remain in gear and potentially move unintentionally.",,"{'process_model_variables': [{'name': 'Context', 'state': 'During the final parking maneuver, the controller fails to command gear Neutral, resulting in the vehicle not being properly immobilized inside the parking space.'}]}"
UCA-ParkPiIotController-SetGearNeutral-not_providing-2,ParkPiIot Controller,not_provided,"The ParkPiIot Controller does not set gear Neutral after an emergency stop command, causing the vehicle to remain in gear and potentially move unexpectedly.",,"{'process_model_variables': [{'name': 'Context', 'state': 'After an emergency stop is triggered, the controller fails to set gear Neutral, increasing risk of unintended vehicle movement and collision.'}]}"
UCA-ParkPiIotController-SetGearNeutral-providing-1,ParkPiIot Controller,provided,"The ParkPiIot Controller sets gear Neutral while the vehicle is supposed to be moving forward or reversing during parking, causing loss of vehicle control and unexpected stops.",,"{'process_model_variables': [{'name': 'Context', 'state': 'During active parking maneuvers, the controller erroneously commands gear Neutral, causing the vehicle to lose propulsion and potentially collide with obstacles or park incorrectly.'}]}"
UCA-ParkPiIotController-SetGearNeutral-providing-2,ParkPiIot Controller,provided,"The ParkPiIot Controller sets gear Neutral while the system is not activated or outside the operational design domain (ODD), leading to vehicle behavior inconsistent with driver expectations.",,"{'process_model_variables': [{'name': 'Context', 'state': 'The controller commands gear Neutral without user request or outside allowed conditions, causing confusion or unintended vehicle states.'}]}"
UCA-ParkPiIotController-SetGearNeutral-timing-1,ParkPiIot Controller,too_early_too_late,"The ParkPiIot Controller sets gear Neutral too early during the parking maneuver, before the vehicle has fully stopped, causing abrupt loss of drive and potential collision.",,"{'process_model_variables': [{'name': 'Context', 'state': 'Gear Neutral is commanded before the vehicle reaches a safe stopping position, leading to sudden deceleration and possible impact with obstacles.'}]}"
UCA-ParkPiIotController-SetGearNeutral-timing-2,ParkPiIot Controller,too_early_too_late,"The ParkPiIot Controller sets gear Neutral too late after the vehicle has stopped, causing unnecessary engine load or unintended vehicle creep.",,"{'process_model_variables': [{'name': 'Context', 'state': 'Delay in setting gear Neutral after stopping causes the vehicle to remain in gear longer than needed, risking unintended movement or improper parking.'}]}"
UCA-ParkPiIotController-SetGearNeutral-timing-3,ParkPiIot Controller,too_early_too_late,"The ParkPiIot Controller sets gear Neutral out of sequence, e.g., before disengaging the clutch or brake, causing mechanical stress or loss of control.",,"{'process_model_variables': [{'name': 'Context', 'state': 'Gear Neutral command is issued before prerequisite actions like brake application or clutch disengagement, leading to unsafe vehicle states.'}]}"
UCA-ParkPiIotController-SetGearNeutral-duration-1,ParkPiIot Controller,stopped_too_soon_applied_too_long,"The ParkPiIot Controller stops applying the gear Neutral command too soon, causing the gearbox to revert to a drive gear unexpectedly.",,"{'process_model_variables': [{'name': 'Context', 'state': 'Gear Neutral command is withdrawn prematurely during parking, causing unintended vehicle movement or failure to hold position.'}]}"
UCA-ParkPiIotController-SetGearNeutral-duration-2,ParkPiIot Controller,stopped_too_soon_applied_too_long,"The ParkPiIot Controller applies the gear Neutral command for too long, preventing the vehicle from moving when required to reposition during parking.",,"{'process_model_variables': [{'name': 'Context', 'state': 'Gear Neutral remains engaged beyond the intended stop phase, causing delays or failure to complete parking maneuvers within allowed moves.'}]}"
UCA-ParkPiIotController-SetGearReverse-not_providing-1,ParkPiIot Controller,not_provided,"ParkPilot Controller unexpectedly sets the gear to Reverse during forward parking manoeuvres, causing unintended reverse movement.",,"{'process_model_variables': [{'name': 'Context', 'state': 'During the parking maneuver, the system fails to engage reverse gear when required, preventing proper parking or causing the parking process to abort.'}]}"
UCA-ParkPiIotController-SetGearReverse-providing-1,ParkPiIot Controller,provided,"The ParkPiIot Controller provides the 'Set gear Reverse' command when the vehicle is not in a valid operational design domain (ODD) or when no parking maneuver is requested, causing unintended vehicle movement.",,"{'process_model_variables': [{'name': 'Context', 'state': 'The system activates reverse gear outside of allowed conditions, potentially causing involuntary activation or vehicle movement outside the defined driving area.'}]}"
UCA-ParkPiIotController-SetGearReverse-timing-1,ParkPiIot Controller,too_early_too_late,"The ParkPiIot Controller provides the 'Set gear Reverse' command too early or too late during the parking maneuver, causing the vehicle to move in reverse before the parking space is correctly identified or after passing the intended spot.",,"{'process_model_variables': [{'name': 'Context', 'state': 'The gear is set to reverse before the system has confirmed a valid parking space or after the vehicle has moved past the parking space, leading to incorrect parking or collision risks.'}]}"
UCA-ParkPiIotController-SetGearReverse-duration-1,ParkPiIot Controller,stopped_too_soon_applied_too_long,"The ParkPiIot Controller keeps the 'Set gear Reverse' command active for too long, causing the vehicle to continue reversing beyond the intended parking space boundaries.",,"{'process_model_variables': [{'name': 'Context', 'state': 'The reverse gear remains engaged longer than necessary, causing the vehicle to overshoot the parking space or collide with obstacles.'}]}"
UCA-ParkPiIotController-SetGearReverse-duration-2,ParkPiIot Controller,stopped_too_soon_applied_too_long,"The ParkPiIot Controller stops the 'Set gear Reverse' command too soon, causing the vehicle to halt prematurely before reaching the parking space.",,"{'process_model_variables': [{'name': 'Context', 'state': 'The reverse gear is disengaged before the vehicle is properly positioned inside the parking space, resulting in improper parking or extended parking time.'}]}"
UCA-ParkPiIotController-SetSteeringAngle-not_providing-1,ParkPiIot Controller,not_provided,"The ParkPiIot Controller does not provide a steering angle command when required during the parking maneuver, causing the vehicle to continue straight and potentially violate minimum distance to objects or fail to park properly.",,"{'process_model_variables': [{'name': 'Context', 'state': 'During active parking, the controller fails to send steering commands due to sensor failure or communication loss, resulting in the vehicle not adjusting its trajectory.'}]}"
UCA-ParkPiIotController-SetSteeringAngle-not_providing-2,ParkPiIot Controller,not_provided,"The ParkPiIot Controller does not provide steering angle commands when the system is activated outside the Operational Design Domain (ODD), preventing corrective steering and causing unsafe vehicle behavior.",,"{'process_model_variables': [{'name': 'Context', 'state': {'process_model_variables': [{'name': 'Context', 'state': 'The system activates in an environment or condition not supported by the ODD, but steering commands are withheld, leading to uncontrolled vehicle movement.'}]}}]}"
UCA-ParkPiIotController-SetSteeringAngle-not_providing-3,ParkPiIot Controller,not_provided,"The ParkPiIot Controller fails to provide steering angle commands when the vehicle is attempting to park in a correctly identified parking space, causing the vehicle to not park properly within the desired space.",,"{'process_model_variables': [{'name': 'Context', 'state': 'During the final parking maneuver, the controller does not send steering commands due to a software fault, resulting in improper parking alignment.'}]}"
UCA-ParkPiIotController-SetSteeringAngle-not_providing-4,ParkPiIot Controller,not_provided,"The ParkPiIot Controller does not provide steering angle commands when the vehicle is moving while passengers are not safely seated, failing to prevent unsafe vehicle movement.",,"{'process_model_variables': [{'name': 'Context', 'state': {'process_model_variables': [{'name': 'Context', 'state': 'The system detects passengers not seated safely but does not withhold steering commands, allowing the vehicle to move.'}]}}]}"
UCA-ParkPiIotController-SetSteeringAngle-providing-1,ParkPiIot Controller,provided,"The ParkPiIot Controller provides an incorrect steering angle command that causes the vehicle to violate the minimum distance to objects, risking collision.",,"{'process_model_variables': [{'name': 'Context', 'state': 'Due to sensor misinterpretation or faulty process model, the controller commands a steering angle that directs the vehicle too close to obstacles.'}]}"
UCA-ParkPiIotController-SetSteeringAngle-providing-2,ParkPiIot Controller,provided,"The ParkPiIot Controller provides steering angle commands when the system is activated outside the ODD, causing unsafe vehicle behavior in unsupported environments.",,"{'process_model_variables': [{'name': 'Context', 'state': 'The system erroneously activates in an unsupported environment and issues steering commands, leading to unsafe maneuvers.'}]}"
UCA-ParkPiIotController-SetSteeringAngle-providing-3,ParkPiIot Controller,provided,The ParkPiIot Controller provides steering angle commands that cause the vehicle to park in the wrong parking space or improperly within the desired space.,,"{'process_model_variables': [{'name': 'Context', 'state': 'Incorrect parking space identification or margin calculation leads to steering commands that direct the vehicle into an invalid or wrong parking space.'}]}"
UCA-ParkPiIotController-SetSteeringAngle-providing-4,ParkPiIot Controller,provided,"The ParkPiIot Controller provides steering angle commands while passengers are not safely seated, causing the vehicle to move unsafely.",,"{'process_model_variables': [{'name': 'Context', 'state': {'process_model_variables': [{'name': 'Context', 'state': 'The system fails to detect passenger seating status and issues steering commands, allowing vehicle movement with unsafe passenger conditions.'}]}}]}"
UCA-ParkPiIotController-SetSteeringAngle-timing-1,ParkPiIot Controller,too_early_too_late,"The ParkPiIot Controller provides steering angle commands too early before the parking space is correctly identified, causing the vehicle to move toward an invalid or unknown space.",,"{'process_model_variables': [{'name': 'Context', 'state': 'Due to premature processing, the controller issues steering commands before confirming valid parking space availability.'}]}"
UCA-ParkPiIotController-SetSteeringAngle-timing-2,ParkPiIot Controller,too_early_too_late,"The ParkPiIot Controller provides steering angle commands too late during the parking maneuver, causing the vehicle to overshoot or violate minimum distance to objects.",,"{'process_model_variables': [{'name': 'Context', 'state': 'Delays in sensor feedback or processing cause late steering adjustments, resulting in unsafe vehicle positioning.'}]}"
UCA-ParkPiIotController-SetSteeringAngle-timing-3,ParkPiIot Controller,too_early_too_late,"The ParkPiIot Controller provides steering angle commands out of sequence relative to other control actions (e.g., gear shifting), causing unsafe vehicle dynamics or loss of control.",,"{'process_model_variables': [{'name': 'Context', 'state': 'Steering commands are issued before the vehicle is in the correct gear or speed, leading to excessive acceleration or unsafe turning speeds.'}]}"
UCA-ParkPiIotController-SetSteeringAngle-timing-4,ParkPiIot Controller,too_early_too_late,"The ParkPiIot Controller provides steering angle commands after the driver has requested an emergency cancel, causing continued vehicle movement despite abort request.",,"{'process_model_variables': [{'name': 'Context', 'state': {'process_model_variables': [{'name': 'Context', 'state': 'The system fails to immediately halt steering commands upon emergency cancel input, leading to involuntary vehicle movement.'}]}}]}"
UCA-ParkPiIotController-SetSteeringAngle-duration-1,ParkPiIot Controller,stopped_too_soon_applied_too_long,"The ParkPiIot Controller applies a steering angle command for too long, causing the vehicle to turn excessively and violate minimum distance to objects or park improperly.",,"{'process_model_variables': [{'name': 'Context', 'state': 'A control loop fault causes the steering angle to remain fixed beyond the intended duration, resulting in unsafe vehicle positioning.'}]}"
UCA-ParkPiIotController-SetSteeringAngle-duration-2,ParkPiIot Controller,stopped_too_soon_applied_too_long,"The ParkPiIot Controller stops applying the steering angle command too soon, causing incomplete turns and improper parking within the desired space.",,"{'process_model_variables': [{'name': 'Context', 'state': 'Communication interruption or premature termination of steering commands leads to incomplete parking maneuvers.'}]}"
UCA-ParkPiIotController-SetSteeringAngle-duration-3,ParkPiIot Controller,stopped_too_soon_applied_too_long,"The ParkPiIot Controller maintains steering angle commands while the vehicle is outside the defined driving area, causing the vehicle to leave the permitted zone.",,"{'process_model_variables': [{'name': 'Context', 'state': 'The system fails to detect boundary limits and continues steering commands beyond allowed area.'}]}"
UCA-ParkPiIotController-SetSteeringAngle-duration-4,ParkPiIot Controller,stopped_too_soon_applied_too_long,"The ParkPiIot Controller maintains steering angle commands while an emergency stop is necessary, preventing the vehicle from stopping safely.",,"{'process_model_variables': [{'name': 'Context', 'state': 'During emergency conditions, the controller continues steering commands instead of halting all vehicle movement.'}]}"
UCA-ParkPiIotController-SounderOFF-not_providing-1,ParkPiIot Controller,not_provided,"Sounder OFF control action is not provided when the vehicle is too close to an obstacle, resulting in no audible warning to the driver or environment.",,"{'process_model_variables': [{'name': 'Context', 'state': 'During parking maneuver, the vehicle approaches an obstacle closer than the minimum safe distance, but the sounder remains ON to warn of proximity; failure to send Sounder OFF when safe distance is restored leads to confusion or missed warnings.'}]}"
UCA-ParkPiIotController-SounderOFF-not_providing-2,ParkPiIot Controller,not_provided,"Sounder OFF control action is not provided after parking is completed, causing continuous sounder activation and misleading the driver about the parking status.",,"{'process_model_variables': [{'name': 'Context', 'state': 'After successful parking, the sounder should be turned OFF to indicate completion; failure to do so may cause the driver to believe the system is still active or that an error occurred.'}]}"
UCA-ParkPiIotController-SounderOFF-not_providing-3,ParkPiIot Controller,not_provided,"Sounder OFF control action is not provided when the system is deactivated outside the Operational Design Domain (ODD), causing the sounder to continue sounding unnecessarily.",,"{'process_model_variables': [{'name': 'Context', 'state': {'process_model_variables': [{'name': 'Context', 'state': 'When the system is deactivated due to leaving ODD or user cancel, the sounder should be turned OFF; failure to do so may confuse the driver or bystanders.'}]}}]}"
UCA-ParkPiIotController-SounderOFF-providing-1,ParkPiIot Controller,provided,"Sounder OFF control action is provided while the vehicle is dangerously close to an obstacle, silencing the warning sound prematurely.",,"{'process_model_variables': [{'name': 'Context', 'state': 'During parking, the vehicle approaches an obstacle within unsafe distance, but the sounder is turned OFF, removing critical audible warnings and increasing collision risk.'}]}"
UCA-ParkPiIotController-SounderOFF-providing-2,ParkPiIot Controller,provided,"Sounder OFF control action is provided while the parking maneuver is still active and requires driver or system attention, causing loss of important feedback.",,"{'process_model_variables': [{'name': 'Context', 'state': 'During active parking, the sounder is turned OFF prematurely, leading to miscommunication about system state or parking progress.'}]}"
UCA-ParkPiIotController-SounderOFF-providing-3,ParkPiIot Controller,provided,"Sounder OFF control action is provided during system activation outside ODD, causing the system to fail to alert the driver of improper activation.",,"{'process_model_variables': [{'name': 'Context', 'state': 'If the system activates outside allowed conditions, the sounder should warn the driver; turning it OFF removes this alert.'}]}"
UCA-ParkPiIotController-SounderOFF-timing-1,ParkPiIot Controller,too_early_too_late,"Sounder OFF control action is provided too early before the vehicle has safely cleared obstacles, causing premature silence of warnings.",,"{'process_model_variables': [{'name': 'Context', 'state': 'During parking, the sounder is turned OFF before the vehicle has reached a safe distance from obstacles, leading to missed warnings.'}]}"
UCA-ParkPiIotController-SounderOFF-timing-2,ParkPiIot Controller,too_early_too_late,"Sounder OFF control action is provided too late after parking is completed, causing unnecessary noise and driver confusion.",,"{'process_model_variables': [{'name': 'Context', 'state': 'After parking is finished, the sounder continues to sound longer than necessary, misleading the driver about system status.'}]}"
UCA-ParkPiIotController-SounderOFF-timing-3,ParkPiIot Controller,too_early_too_late,"Sounder OFF control action is provided out of sequence, such as before the sounder ON command during system activation, causing inconsistent or missing warnings.",,"{'process_model_variables': [{'name': 'Context', 'state': 'During system startup or activation, the sounder is turned OFF before being turned ON, resulting in no audible feedback when it is needed.'}]}"
UCA-ParkPiIotController-SounderOFF-duration-1,ParkPiIot Controller,stopped_too_soon_applied_too_long,"Sounder OFF control action is applied too soon, cutting off the warning sound before the hazard is resolved.",,"{'process_model_variables': [{'name': 'Context', 'state': 'The sounder is turned OFF immediately after a brief obstacle detection, but the vehicle is still in unsafe proximity, removing critical warnings prematurely.'}]}"
UCA-ParkPiIotController-SounderOFF-duration-2,ParkPiIot Controller,stopped_too_soon_applied_too_long,"Sounder OFF control action is applied for too long, preventing the sounder from activating when needed later during the parking process.",,"{'process_model_variables': [{'name': 'Context', 'state': 'The sounder remains OFF for an extended period during parking, missing subsequent obstacle warnings or system alerts.'}]}"
UCA-ParkPiIotController-SounderOFF-duration-3,ParkPiIot Controller,stopped_too_soon_applied_too_long,"Sounder OFF control action is maintained after system shutdown or emergency stop, causing confusion about system state.",,"{'process_model_variables': [{'name': 'Context', 'state': 'After emergency stop or system shutdown, the sounder remains OFF, failing to provide confirmation or alert signals to the driver or environment.'}]}"
UCA-ParkPiIotController-SounderON-not_providing-1,ParkPiIot Controller,not_provided,"Sounder ON control action is not provided when the vehicle is approaching an obstacle too closely, leading to no audible warning for the driver or environment.",,"{'process_model_variables': [{'name': 'Context', 'state': 'The vehicle is parking and violates the minimum safe distance to objects, but the sounder does not activate to alert the driver or nearby pedestrians.'}]}"
UCA-ParkPiIotController-SounderON-not_providing-2,ParkPiIot Controller,not_provided,"Sounder ON control action is not provided during emergency stop situations, resulting in no warning sound to indicate the vehicle is stopping abruptly.",,"{'process_model_variables': [{'name': 'Context', 'state': 'An emergency stop is necessary due to obstacle detection or system fault, but the sounder remains silent, failing to warn nearby people or vehicles.'}]}"
UCA-ParkPiIotController-SounderON-not_providing-3,ParkPiIot Controller,not_provided,"Sounder ON control action is not provided when the vehicle is moving while passengers are not safely seated, missing an alert to prevent unsafe movement.",,"{'process_model_variables': [{'name': 'Context', 'state': {'process_model_variables': [{'name': 'Context', 'state': 'The vehicle attempts to move during passenger boarding or alighting without activating the sounder to warn passengers.'}]}}]}"
UCA-ParkPiIotController-SounderON-providing-1,ParkPiIot Controller,provided,"Sounder ON control action is provided continuously even when the vehicle is stationary and no obstacle is near, causing unnecessary noise and driver distraction.",,"{'process_model_variables': [{'name': 'Context', 'state': 'The parking process is complete or inactive, but the sounder remains active, confusing the driver and reducing trust in system alerts.'}]}"
UCA-ParkPiIotController-SounderON-providing-2,ParkPiIot Controller,provided,"Sounder ON control action is provided when the system is activated outside the Operational Design Domain (ODD), causing false alarms and potential driver confusion.",,"{'process_model_variables': [{'name': 'Context', 'state': 'The ParkPilot system is active in an unsupported environment (e.g., high speed or unsuitable terrain), and the sounder activates unnecessarily.'}]}"
UCA-ParkPiIotController-SounderON-providing-3,ParkPiIot Controller,provided,"Sounder ON control action is provided when the vehicle is parked properly and no alert is needed, leading to annoyance and potential disregard of warnings.",,"{'process_model_variables': [{'name': 'Context', 'state': 'After successful parking within the correct space, the sounder continues to sound without cause.'}]}"
UCA-ParkPiIotController-SounderON-timing-1,ParkPiIot Controller,too_early_too_late,"Sounder ON control action is provided too late after the vehicle violates minimum distance to objects, delaying warning and increasing collision risk.",,"{'process_model_variables': [{'name': 'Context', 'state': 'The vehicle approaches an obstacle too closely but the sounder activates only after the unsafe proximity is reached.'}]}"
UCA-ParkPiIotController-SounderON-timing-2,ParkPiIot Controller,too_early_too_late,"Sounder ON control action is provided too early before the vehicle is near any obstacle, causing false alarms and driver annoyance.",,"{'process_model_variables': [{'name': 'Context', 'state': 'The sounder activates prematurely during parking preparation or while searching for a parking space.'}]}"
UCA-ParkPiIotController-SounderON-timing-3,ParkPiIot Controller,too_early_too_late,"Sounder ON control action is provided out of sequence, for example, activating before the parking maneuver starts or after it has been aborted.",,"{'process_model_variables': [{'name': 'Context', 'state': 'The sounder activates when the system is inactive or after the driver has cancelled the parking process.'}]}"
UCA-ParkPiIotController-SounderON-duration-1,ParkPiIot Controller,stopped_too_soon_applied_too_long,"Sounder ON control action is stopped too soon during an obstacle approach, failing to provide continuous warning until the hazard is cleared.",,"{'process_model_variables': [{'name': 'Context', 'state': 'The vehicle is still close to an obstacle, but the sounder stops prematurely, reducing situational awareness.'}]}"
UCA-ParkPiIotController-SounderON-duration-2,ParkPiIot Controller,stopped_too_soon_applied_too_long,"Sounder ON control action is applied for too long after the parking maneuver is complete, causing unnecessary noise and driver distraction.",,"{'process_model_variables': [{'name': 'Context', 'state': 'The vehicle has parked correctly, but the sounder continues to sound beyond the necessary time.'}]}"
UCA-ParkPiIotController-SounderON-duration-3,ParkPiIot Controller,stopped_too_soon_applied_too_long,"Sounder ON control action is applied for too long during system faults or false obstacle detections, leading to driver confusion and possible disregard of warnings.",,"{'process_model_variables': [{'name': 'Context', 'state': 'The sounder remains active due to sensor errors or system malfunction even though no real hazard exists.'}]}"
UCA-ParkPiIotController-SounderFrequency-not_providing-1,ParkPiIot Controller,not_provided,The ParkPiIot Controller does not provide any sounder frequency signal when the vehicle is approaching an obstacle during parking.,,"{'process_model_variables': [{'name': 'Context', 'state': 'During the parking maneuver, the sounder frequency is not activated or remains silent despite the vehicle nearing obstacles or parking boundaries, leading to lack of driver or system awareness of proximity risks.'}]}"
UCA-ParkPiIotController-SounderFrequency-providing-1,ParkPiIot Controller,provided,The ParkPiIot Controller provides a continuous high-frequency sounder signal even when the vehicle is at a safe distance from obstacles or properly parked.,,"{'process_model_variables': [{'name': 'Context', 'state': 'The sounder frequency is activated unnecessarily or at inappropriate intensity, causing confusion or false alarms to the driver, potentially leading to incorrect system state interpretation or premature abort of parking.'}]}"
UCA-ParkPiIotController-SounderFrequency-timing-1,ParkPiIot Controller,too_early_too_late,"The ParkPiIot Controller provides the sounder frequency too late, only after the vehicle has already violated the minimum safe distance to an object.",,"{'process_model_variables': [{'name': 'Context', 'state': 'The sounder frequency warning is delayed, failing to alert the driver or system in time to prevent collision or improper parking within the designated space boundaries.'}]}"
UCA-ParkPiIotController-SounderFrequency-duration-1,ParkPiIot Controller,stopped_too_soon_applied_too_long,The ParkPiIot Controller stops the sounder frequency signal too soon before the vehicle has safely cleared the obstacle or completed parking.,,"{'process_model_variables': [{'name': 'Context', 'state': 'The sounder frequency warning is prematurely stopped, leading to a false sense of safety and potential continuation of unsafe maneuvers near obstacles or outside parking boundaries.'}]}"
UCA-ParkPiIotController-SounderFrequency-duration-2,ParkPiIot Controller,stopped_too_soon_applied_too_long,The ParkPiIot Controller provides the sounder frequency signal for an excessively long duration after the parking maneuver is completed.,,"{'process_model_variables': [{'name': 'Context', 'state': 'The sounder continues to emit frequency signals unnecessarily, causing driver distraction, confusion about system state, or annoyance leading to distrust of the system.'}]}"
UCA-BrakeController-SetWantedBrakePressure-not_providing-1,Brake controller,not_provided,"Brake controller does not set the wanted brake pressure when braking is required during parking maneuver, causing the vehicle to continue moving uncontrollably.",,"{'process_model_variables': [{'name': 'Context', 'state': 'During parking, the brake controller fails to apply brake pressure when the vehicle approaches an obstacle or when an emergency stop is necessary, leading to collision or unsafe stopping locations.'}]}"
UCA-BrakeController-SetWantedBrakePressure-providing-1,Brake controller,provided,"Brake controller sets brake pressure unnecessarily or excessively, causing abrupt or unintended stops.",,"{'process_model_variables': [{'name': 'Context', 'state': 'Brake pressure is applied without user request or when the vehicle is moving safely, causing involuntary activation or harsh deceleration that may endanger passengers or block safe passenger exit.'}]}"
UCA-BrakeController-SetWantedBrakePressure-timing-1,Brake controller,too_early_too_late,"Brake controller sets brake pressure too late after detecting an obstacle or emergency condition, delaying vehicle stop.",,"{'process_model_variables': [{'name': 'Context', 'state': 'Brake pressure is applied with delay during parking or emergency stop scenarios, causing the vehicle to violate minimum safe distances or fail to stop in time.'}]}"
UCA-BrakeController-SetWantedBrakePressure-timing-2,Brake controller,too_early_too_late,"Brake controller sets brake pressure too early before the vehicle reaches the intended stopping point, causing abrupt or unnecessary deceleration.",,"{'process_model_variables': [{'name': 'Context', 'state': 'Brake pressure is applied prematurely during parking maneuvers, causing discomfort to passengers or stopping the vehicle in an unsafe or inconvenient location.'}]}"
UCA-BrakeController-SetWantedBrakePressure-timing-3,Brake controller,too_early_too_late,"Brake controller sets brake pressure out of sequence relative to other control actions (e.g., before gear is set to neutral), causing unstable vehicle behavior.",,"{'process_model_variables': [{'name': 'Context', 'state': 'Brake pressure is applied before the vehicle is properly configured for parking, leading to improper parking or unsafe vehicle dynamics.'}]}"
UCA-BrakeController-SetWantedBrakePressure-duration-1,Brake controller,stopped_too_soon_applied_too_long,"Brake controller applies brake pressure for too short a duration, causing the vehicle to roll or move unexpectedly after braking.",,"{'process_model_variables': [{'name': 'Context', 'state': 'Brake pressure is released prematurely during parking or stopping, causing the vehicle to move beyond safe boundaries or block passenger egress.'}]}"
UCA-BrakeController-SetWantedBrakePressure-duration-2,Brake controller,stopped_too_soon_applied_too_long,"Brake controller maintains brake pressure for too long after parking is complete, causing unnecessary wear or preventing vehicle movement when requested.",,"{'process_model_variables': [{'name': 'Context', 'state': 'Brake pressure remains applied after parking is finished, potentially causing the vehicle to remain immobilized in the wrong parking space or for longer than allowed.'}]}"
UCA-ChasisController-ActivateHazardLight-not_providing-1,Chasis controller,not_provided,"Hazard light is not activated when the vehicle is in a critical parking maneuver or emergency situation, leading to reduced visibility and awareness for surrounding traffic and pedestrians.",,"{'process_model_variables': [{'name': 'Context', 'state': ""The vehicle is performing an autonomous parking maneuver or emergency stop, but the chassis controller fails to activate the hazard lights, causing other road users to be unaware of the vehicle's state.""}]}"
UCA-ChasisController-ActivateHazardLight-providing-1,Chasis controller,provided,"Hazard light is activated unnecessarily when the vehicle is parked properly and no emergency or hazard condition exists, causing confusion to other drivers and pedestrians.",,"{'process_model_variables': [{'name': 'Context', 'state': ""The chassis controller activates hazard lights without a valid trigger, such as during normal parking or driving conditions, misleading other road users about the vehicle's status.""}]}"
UCA-ChasisController-ActivateHazardLight-timing-1,Chasis controller,too_early_too_late,"Hazard light is activated too late after the vehicle has started an emergency stop or critical parking maneuver, reducing the time other road users have to react.",,"{'process_model_variables': [{'name': 'Context', 'state': 'The chassis controller delays activation of hazard lights after detecting an emergency stop condition, causing delayed warning signals to surrounding traffic.'}]}"
UCA-ChasisController-ActivateHazardLight-timing-2,Chasis controller,too_early_too_late,"Hazard light is activated too early before the vehicle initiates a parking maneuver or emergency stop, causing unnecessary distraction or confusion.",,"{'process_model_variables': [{'name': 'Context', 'state': 'The chassis controller activates hazard lights prematurely before the vehicle actually starts parking or stopping, leading to misinterpretation of vehicle intentions.'}]}"
UCA-ChasisController-ActivateHazardLight-duration-1,Chasis controller,stopped_too_soon_applied_too_long,"Hazard light remains activated for too long after the parking maneuver or emergency condition has ended, causing confusion and potential miscommunication to other road users.",,"{'process_model_variables': [{'name': 'Context', 'state': ""The chassis controller fails to deactivate hazard lights promptly after the vehicle has completed parking or emergency stop, misleading surrounding traffic about the vehicle's status.""}]}"
UCA-ChasisController-ActivateHazardLight-duration-2,Chasis controller,stopped_too_soon_applied_too_long,"Hazard light is deactivated too soon during an ongoing emergency stop or critical parking maneuver, reducing visibility and awareness for other road users.",,"{'process_model_variables': [{'name': 'Context', 'state': 'The chassis controller turns off hazard lights before the vehicle has safely completed the emergency stop or parking maneuver, increasing risk of collision or misunderstanding.'}]}"
UCA-ChasisController-DeactivateHazardLight-not_providing-1,Chasis controller,not_provided,"Hazard light is not deactivated when the parking maneuver is complete, causing confusion about vehicle status and potentially leading to the vehicle being perceived as still in an emergency or active parking state.",,"{'process_model_variables': [{'name': 'Context', 'state': ""After the vehicle has finished parking, the Chasis controller fails to deactivate the hazard light, misleading the driver and surrounding traffic about the vehicle's actual state.""}]}"
UCA-ChasisController-DeactivateHazardLight-not_providing-2,Chasis controller,not_provided,"Hazard light is not deactivated after an emergency cancel or manual override, leading to incorrect system state communication and possible driver confusion.",,"{'process_model_variables': [{'name': 'Context', 'state': 'Driver cancels parking maneuver or emergency stop is triggered, but hazard light remains active due to failure to deactivate it.'}]}"
UCA-ChasisController-DeactivateHazardLight-providing-1,Chasis controller,provided,"Hazard light is deactivated prematurely during an ongoing parking maneuver, causing other road users to misinterpret the vehicle status and increasing risk of collision or unsafe interactions.",,"{'process_model_variables': [{'name': 'Context', 'state': 'During active parking, the Chasis controller deactivates the hazard light before the vehicle is fully parked or stopped safely.'}]}"
UCA-ChasisController-DeactivateHazardLight-providing-2,Chasis controller,provided,"Hazard light is deactivated while the vehicle is outside the Operational Design Domain (ODD), leading to lack of warning signals and increased risk of unsafe operation or emergency situations.",,"{'process_model_variables': [{'name': 'Context', 'state': 'Vehicle operates outside allowed conditions but hazard light is turned off, removing a critical alert for driver and environment.'}]}"
UCA-ChasisController-DeactivateHazardLight-timing-1,Chasis controller,too_early_too_late,"Hazard light is deactivated too early, before the vehicle has fully stopped or completed the parking maneuver, causing miscommunication of vehicle status and potential hazards related to unsafe parking or movement.",,"{'process_model_variables': [{'name': 'Context', 'state': 'Hazard light turns off immediately after initial parking steps, while vehicle is still moving or not properly positioned.'}]}"
UCA-ChasisController-DeactivateHazardLight-timing-2,Chasis controller,too_early_too_late,"Hazard light is deactivated too late, remaining on after the vehicle is parked and ready for passenger exit, causing confusion and possibly impeding emergency services or other traffic.",,"{'process_model_variables': [{'name': 'Context', 'state': 'Hazard light stays active long after parking is complete and passengers are ready to exit.'}]}"
UCA-ChasisController-DeactivateHazardLight-duration-1,Chasis controller,stopped_too_soon_applied_too_long,"Hazard light is deactivated too soon during the parking process, before the vehicle has reached a safe stop, increasing risk of collision or unsafe proximity to objects or pedestrians.",,"{'process_model_variables': [{'name': 'Context', 'state': 'During parking, hazard light turns off while vehicle is still moving or close to obstacles.'}]}"
UCA-ChasisController-DeactivateHazardLight-duration-2,Chasis controller,stopped_too_soon_applied_too_long,"Hazard light remains active for too long after parking is completed, causing unnecessary distraction to other road users and possibly impeding emergency services or traffic flow.",,"{'process_model_variables': [{'name': 'Context', 'state': 'Vehicle is parked and stationary, but hazard light continues to flash unnecessarily.'}]}"
UCA-ServoSteering-RotateLeft-not_providing-1,Servo Steering contoller,not_provided,"The Servo Steering controller does not rotate the steering column left when required during a parking maneuver, causing the vehicle to fail to align properly with the parking space.",,"{'process_model_variables': [{'name': 'Context', 'state': {'process_model_variables': [{'name': 'Context', 'state': 'During the parking process, the system requests a left steering rotation to maneuver into the parking space, but the steering column remains static or does not respond.'}]}}]}"
UCA-ServoSteering-RotateLeft-providing-1,Servo Steering contoller,provided,"The Servo Steering controller rotates the steering column left when it is not needed or when the vehicle is already aligned, causing the vehicle to deviate from the intended path and potentially collide with obstacles.",,"{'process_model_variables': [{'name': 'Context', 'state': {'process_model_variables': [{'name': 'Context', 'state': 'The parking process is inactive or the vehicle is aligned correctly, but the steering column is rotated left unnecessarily, leading to unsafe vehicle positioning.'}]}}]}"
UCA-ServoSteering-RotateLeft-timing-1,Servo Steering contoller,too_early_too_late,"The Servo Steering controller rotates the steering column left too early before the vehicle has reached the correct position or too late after the vehicle has passed the optimal turning point, causing improper parking alignment or collision.",,"{'process_model_variables': [{'name': 'Context', 'state': {'process_model_variables': [{'name': 'Context', 'state': 'During the parking maneuver, the timing of the left rotation command is mistimed relative to vehicle position and speed, leading to incorrect trajectory.'}]}}]}"
UCA-ServoSteering-RotateLeft-duration-1,Servo Steering contoller,stopped_too_soon_applied_too_long,"The Servo Steering controller rotates the steering column left for too short a duration, resulting in insufficient steering angle to properly align the vehicle within the parking space.",,"{'process_model_variables': [{'name': 'Context', 'state': {'process_model_variables': [{'name': 'Context', 'state': 'During the parking process, the steering rotation command is cut off prematurely, causing the vehicle to stop or continue without proper alignment.'}]}}]}"
UCA-ServoSteering-RotateLeft-duration-2,Servo Steering contoller,stopped_too_soon_applied_too_long,"The Servo Steering controller rotates the steering column left for too long, causing the vehicle to oversteer, potentially hitting obstacles or parking outside the designated space.",,"{'process_model_variables': [{'name': 'Context', 'state': {'process_model_variables': [{'name': 'Context', 'state': 'The steering rotation command continues beyond the required angle during parking, leading to excessive turning.'}]}}]}"
UCA-ServoSteering-RotateRight-not_providing-1,Servo Steering contoller,not_provided,"The Servo Steering controller does not rotate the steering column right when required during the parking maneuver, causing the vehicle to fail to steer away from obstacles or align properly within the parking space.",,"{'process_model_variables': [{'name': 'Context', 'state': 'During a parking maneuver, the system detects the need to steer right to avoid an obstacle or to align the vehicle inside the designated parking space, but the steering command is not issued.'}]}"
UCA-ServoSteering-RotateRight-providing-1,Servo Steering contoller,provided,"The Servo Steering controller rotates the steering column right when it is not required, causing the vehicle to steer incorrectly and potentially collide with objects or park outside the designated space.",,"{'process_model_variables': [{'name': 'Context', 'state': 'The system issues a rotate right command despite no obstacle avoidance or parking alignment need, leading to incorrect vehicle trajectory.'}]}"
UCA-ServoSteering-RotateRight-timing-1,Servo Steering contoller,too_early_too_late,"The Servo Steering controller rotates the steering column right too early during the parking maneuver, causing the vehicle to turn prematurely and potentially violate minimum distance to objects or miss the correct parking space.",,"{'process_model_variables': [{'name': 'Context', 'state': 'The rotate right command is issued before the vehicle reaches the appropriate position or speed, resulting in unsafe or incorrect maneuvering.'}]}"
UCA-ServoSteering-RotateRight-timing-2,Servo Steering contoller,too_early_too_late,"The Servo Steering controller rotates the steering column right too late during the parking maneuver, causing delayed turning that results in the vehicle hitting obstacles or failing to park properly.",,"{'process_model_variables': [{'name': 'Context', 'state': 'The rotate right command is delayed beyond the safe window for turning, causing the vehicle to overshoot or collide.'}]}"
UCA-ServoSteering-RotateRight-timing-3,Servo Steering contoller,too_early_too_late,"The Servo Steering controller rotates the steering column right out of sequence, e.g., before gear is set to reverse or before speed is reduced, causing unsafe vehicle behavior.",,"{'process_model_variables': [{'name': 'Context', 'state': 'The rotate right command is issued before prerequisite conditions such as gear selection or speed reduction are met.'}]}"
UCA-ServoSteering-RotateRight-duration-1,Servo Steering contoller,stopped_too_soon_applied_too_long,"The Servo Steering controller rotates the steering column right for too short a duration, causing incomplete turning and resulting in the vehicle not aligning properly within the parking space or colliding with obstacles.",,"{'process_model_variables': [{'name': 'Context', 'state': 'The rotate right command is stopped prematurely during the parking maneuver, leading to insufficient steering angle.'}]}"
UCA-ServoSteering-RotateRight-duration-2,Servo Steering contoller,stopped_too_soon_applied_too_long,"The Servo Steering controller rotates the steering column right for too long, causing the vehicle to oversteer, potentially hitting obstacles or parking outside the designated space.",,"{'process_model_variables': [{'name': 'Context', 'state': 'The rotate right command continues beyond the required steering angle, causing excessive turning.'}]}"
UCA-EngineController-DecreaseTorque-not_providing-1,Engine controller,not_provided,"Engine controller does not decrease torque when required during parking maneuver, causing the vehicle to accelerate or maintain speed too high, leading to violation of minimum distance to objects.",,"{'process_model_variables': [{'name': 'Context', 'state': 'During parking, the vehicle approaches an obstacle or parking space boundary and torque reduction is necessary to decelerate safely, but the engine controller fails to reduce torque.'}]}"
UCA-EngineController-DecreaseTorque-providing-1,Engine controller,provided,"Engine controller decreases torque unnecessarily or excessively, causing the vehicle to decelerate too much or stop abruptly, potentially impeding emergency services or causing unsafe conditions for passengers.",,"{'process_model_variables': [{'name': 'Context', 'state': 'During parking or low-speed maneuvers, torque is decreased without cause, leading to abrupt deceleration that may startle passengers or block emergency vehicle access.'}]}"
UCA-EngineController-DecreaseTorque-timing-1,Engine controller,too_early_too_late,"Engine controller decreases torque too late after detecting an obstacle or parking boundary, causing the vehicle to violate minimum safe distance or overshoot the parking space.",,"{'process_model_variables': [{'name': 'Context', 'state': 'The vehicle approaches a parking space or obstacle, but torque reduction is delayed, resulting in unsafe proximity or incorrect parking position.'}]}"
UCA-EngineController-DecreaseTorque-timing-2,Engine controller,too_early_too_late,"Engine controller decreases torque too early before the vehicle reaches the required deceleration point, causing jerky or inefficient parking maneuvers and increasing parking time.",,"{'process_model_variables': [{'name': 'Context', 'state': 'Torque is reduced prematurely during parking, causing unnecessary slowdowns and longer parking duration or incorrect positioning.'}]}"
UCA-EngineController-DecreaseTorque-duration-1,Engine controller,stopped_too_soon_applied_too_long,"Engine controller decreases torque for too short a duration, causing insufficient deceleration and potential overshoot of parking space or unsafe distance to obstacles.",,"{'process_model_variables': [{'name': 'Context', 'state': 'Torque reduction is applied briefly during parking, failing to slow the vehicle adequately before reaching obstacles or parking boundaries.'}]}"
UCA-EngineController-DecreaseTorque-duration-2,Engine controller,stopped_too_soon_applied_too_long,"Engine controller decreases torque for too long, causing the vehicle to stop unnecessarily or lose momentum, leading to increased parking time or inability to complete parking maneuver.",,"{'process_model_variables': [{'name': 'Context', 'state': 'Torque is reduced excessively during parking, causing the vehicle to stall or take longer than allowed to complete the parking process.'}]}"
UCA-EngineController-IncreaseTorque-not_providing-1,Engine controller,not_provided,"Engine controller does not increase torque when required during parking maneuver, causing the vehicle to stall or fail to move as intended.",,"{'process_model_variables': [{'name': 'Context', 'state': 'During parking process, the engine controller fails to increase torque when the vehicle needs to move forward or backward to park properly, leading to incomplete parking or system unavailability.'}]}"
UCA-EngineController-IncreaseTorque-not_providing-2,Engine controller,not_provided,"Engine controller increases torque excessively during deceleration phases, causing the vehicle to accelerate when it should slow down.",,"{'process_model_variables': [{'name': 'Context', 'state': 'While maneuvering close to obstacles, the engine controller fails to increase torque to adjust speed, causing the vehicle to violate minimum safe distance constraints.'}]}"
UCA-EngineController-IncreaseTorque-not_providing-3,Engine controller,not_provided,Engine controller does not increase torque when vehicle needs to accelerate to avoid impeding emergency services.,,"{'process_model_variables': [{'name': 'Context', 'state': 'Vehicle is blocking emergency service access and requires torque increase to move out of the way, but torque increase is not provided.'}]}"
UCA-EngineController-IncreaseTorque-providing-1,Engine controller,provided,"Engine controller increases torque when the system is activated outside the Operational Design Domain (ODD), causing unsafe vehicle movement.",,"{'process_model_variables': [{'name': 'Context', 'state': 'ParkingPilot is not authorized to operate in current conditions, but torque is increased causing unintended vehicle movement.'}]}"
UCA-EngineController-IncreaseTorque-providing-2,Engine controller,provided,"Engine controller increases torque excessively, causing too severe acceleration or deceleration.",,"{'process_model_variables': [{'name': 'Context', 'state': 'During parking or maneuvering, torque increase leads to acceleration beyond safe limits or excessive speed in turns.'}]}"
UCA-EngineController-IncreaseTorque-providing-3,Engine controller,provided,Engine controller increases torque causing the vehicle to move while passengers are not safely seated.,,"{'process_model_variables': [{'name': 'Context', 'state': 'Vehicle attempts to move during passenger boarding or alighting without ensuring passenger safety.'}]}"
UCA-EngineController-IncreaseTorque-providing-4,Engine controller,provided,Engine controller increases torque causing the vehicle to exceed 30 km/h velocity limit.,,"{'process_model_variables': [{'name': 'Context', 'state': 'During parking or maneuvering, torque increase causes vehicle speed to surpass allowed maximum velocity.'}]}"
UCA-EngineController-IncreaseTorque-timing-1,Engine controller,too_early_too_late,"Engine controller increases torque too early before the vehicle is properly aligned or steering angle is set, causing unsafe movement.",,"{'process_model_variables': [{'name': 'Context', 'state': 'Torque increase occurs before the vehicle is correctly positioned or steering is adjusted, leading to potential collisions or improper parking.'}]}"
UCA-EngineController-IncreaseTorque-timing-2,Engine controller,too_early_too_late,Engine controller increases torque too late after the parking maneuver has been aborted due to obstacle detection.,,"{'process_model_variables': [{'name': 'Context', 'state': 'After the parking process is aborted for safety reasons, torque increase is delayed causing unintended vehicle movement.'}]}"
UCA-EngineController-IncreaseTorque-timing-3,Engine controller,too_early_too_late,"Engine controller increases torque out of sequence, e.g., before gear is set to forward or reverse.",,"{'process_model_variables': [{'name': 'Context', 'state': 'Torque increase command is issued before the gearbox controller sets the appropriate gear, causing unexpected vehicle behavior.'}]}"
UCA-EngineController-IncreaseTorque-duration-1,Engine controller,stopped_too_soon_applied_too_long,"Engine controller increases torque for too long, causing the vehicle to overshoot the desired parking space.",,"{'process_model_variables': [{'name': 'Context', 'state': 'Torque is applied beyond the required duration during parking, leading to the vehicle moving past the intended parking spot.'}]}"
UCA-EngineController-IncreaseTorque-duration-2,Engine controller,stopped_too_soon_applied_too_long,"Engine controller increases torque for too short a duration, causing incomplete or aborted parking maneuvers.",,"{'process_model_variables': [{'name': 'Context', 'state': 'Torque increase is stopped prematurely during parking, resulting in failure to complete the maneuver.'}]}"
UCA-EngineController-IncreaseTorque-duration-3,Engine controller,stopped_too_soon_applied_too_long,Engine controller increases torque for too long causing excessive acceleration leading to loss of control in turns.,,"{'process_model_variables': [{'name': 'Context', 'state': 'During turning maneuvers, prolonged torque increase causes vehicle speed to exceed safe limits, risking loss of control.'}]}"
UCA-GearboxController-ApplyPressureSetGearForward-not_providing-1,Gearbox controller,not_provided,"Gearbox controller does not apply pressure to set gear forward when commanded during parking maneuver, causing the vehicle to remain stationary or fail to move forward as required.",,"{'process_model_variables': [{'name': 'Context', 'state': 'During an autonomous parking maneuver, the gearbox controller fails to apply pressure to engage forward gear, preventing the vehicle from moving forward to complete parking within allowed moves or time.'}]}"
UCA-GearboxController-ApplyPressureSetGearForward-providing-1,Gearbox controller,provided,"Gearbox controller applies pressure to set gear forward when it is unsafe or not commanded, causing the vehicle to move forward unexpectedly.",,"{'process_model_variables': [{'name': 'Context', 'state': 'The gearbox controller engages forward gear without user request or outside operational design domain (ODD), potentially causing involuntary vehicle movement that violates safe distances, leaves defined driving area, or moves while passengers are not safely seated.'}]}"
UCA-GearboxController-ApplyPressureSetGearForward-timing-1,Gearbox controller,too_early_too_late,"Gearbox controller applies pressure to set gear forward too early, before the vehicle has safely completed previous maneuvers or before obstacles are cleared.",,"{'process_model_variables': [{'name': 'Context', 'state': 'During parking, the gearbox controller sets gear forward prematurely, causing the vehicle to accelerate into obstacles or before the parking space is properly identified or cleared.'}]}"
UCA-GearboxController-ApplyPressureSetGearForward-timing-2,Gearbox controller,too_early_too_late,"Gearbox controller applies pressure to set gear forward too late, delaying vehicle movement and causing extended parking time or failure to complete parking maneuver.",,"{'process_model_variables': [{'name': 'Context', 'state': 'The gearbox controller delays engaging forward gear during parking, causing the vehicle to exceed allowed parking time or fail to complete the maneuver within the required number of moves.'}]}"
UCA-GearboxController-ApplyPressureSetGearForward-timing-3,Gearbox controller,too_early_too_late,"Gearbox controller applies pressure to set gear forward out of sequence, e.g., before clutch is disengaged or before steering adjustments are made.",,"{'process_model_variables': [{'name': 'Context', 'state': 'The gearbox controller engages forward gear before the vehicle is properly aligned or before other control actions like steering or braking are completed, leading to incorrect parking or collision risks.'}]}"
UCA-GearboxController-ApplyPressureSetGearForward-duration-1,Gearbox controller,stopped_too_soon_applied_too_long,"Gearbox controller applies pressure to set gear forward for too short a duration, causing incomplete gear engagement and unexpected vehicle behavior.",,"{'process_model_variables': [{'name': 'Context', 'state': 'During gear shifting, the pressure to set gear forward is released prematurely, causing the vehicle to jerk or fail to accelerate smoothly, potentially leading to unsafe acceleration or parking errors.'}]}"
UCA-GearboxController-ApplyPressureSetGearForward-duration-2,Gearbox controller,stopped_too_soon_applied_too_long,"Gearbox controller applies pressure to set gear forward for too long, causing gear damage or unintended prolonged forward movement.",,"{'process_model_variables': [{'name': 'Context', 'state': 'Pressure to set gear forward is maintained longer than necessary, causing excessive acceleration, violation of safe distances, or vehicle movement beyond allowed areas or while passengers are not safely seated.'}]}"
UCA-GearboxController-ApplyPressureSetGearNeutral-not_providing-1,Gearbox controller,not_provided,"The Gearbox controller does not apply pressure to set gear neutral when the vehicle is required to stop or pause during parking maneuvers, leading to unintended vehicle movement.",,"{'process_model_variables': [{'name': 'Context', 'state': 'During parking, the vehicle must be set to neutral to avoid unintended acceleration or movement; failure to apply neutral gear pressure causes the vehicle to move unexpectedly, violating minimum safe distance and parking boundaries.'}]}"
UCA-GearboxController-ApplyPressureSetGearNeutral-providing-1,Gearbox controller,provided,"The Gearbox controller applies pressure to set gear neutral while the vehicle is supposed to be in forward or reverse gear to complete a parking maneuver, causing loss of control over vehicle movement.",,"{'process_model_variables': [{'name': 'Context', 'state': 'During active parking maneuvers, if the gearbox is set to neutral prematurely, the vehicle may roll or fail to execute required movements, resulting in improper parking or unexpected acceleration/deceleration.'}]}"
UCA-GearboxController-ApplyPressureSetGearNeutral-timing-1,Gearbox controller,too_early_too_late,"The Gearbox controller applies pressure to set gear neutral too early or too late in the parking sequence, disrupting the parking process and causing unsafe vehicle behavior.",,"{'process_model_variables': [{'name': 'Context', 'state': 'If neutral gear is engaged before the vehicle has fully stopped or after the vehicle has started moving again, it may cause loss of control, abrupt stops, or unintended vehicle movement during parking.'}]}"
UCA-GearboxController-ApplyPressureSetGearNeutral-duration-1,Gearbox controller,stopped_too_soon_applied_too_long,"The Gearbox controller applies pressure to set gear neutral for too short or too long a duration, causing incomplete gear engagement or delayed vehicle response.",,"{'process_model_variables': [{'name': 'Context', 'state': 'If neutral gear pressure is applied too briefly, the gear may not fully engage, leading to unexpected vehicle movement; if applied too long, it may delay subsequent gear changes needed for parking maneuvers.'}]}"
UCA-GearboxController-ApplyPressureSetGearReverse-not_providing-1,Gearbox controller,not_provided,"The Gearbox controller does not apply pressure to set gear reverse when the parking maneuver requires reversing, causing the vehicle to fail to move backward as intended.",,"{'process_model_variables': [{'name': 'Context', 'state': 'During an automated parking maneuver, the system requests gear reverse to back into a parking space, but the Gearbox controller fails to apply the necessary pressure, preventing the vehicle from reversing.'}]}"
UCA-GearboxController-ApplyPressureSetGearReverse-providing-1,Gearbox controller,provided,"The Gearbox controller applies pressure to set gear reverse when the vehicle is not supposed to move backward, causing unintended reverse movement.",,"{'process_model_variables': [{'name': 'Context', 'state': 'The Gearbox controller sets gear reverse outside of the parking maneuver or without user request, potentially causing the vehicle to move backward unexpectedly and violate safe distances or stop in unsafe locations.'}]}"
UCA-GearboxController-ApplyPressureSetGearReverse-timing-1,Gearbox controller,too_early_too_late,"The Gearbox controller applies pressure to set gear reverse too early before the vehicle is properly aligned or before other control actions are completed, leading to unsafe vehicle movement.",,"{'process_model_variables': [{'name': 'Context', 'state': 'During parking, gear reverse is engaged prematurely, causing the vehicle to reverse into obstacles or incorrect parking spaces due to improper sequencing with steering or braking controls.'}]}"
UCA-GearboxController-ApplyPressureSetGearReverse-timing-2,Gearbox controller,too_early_too_late,"The Gearbox controller applies pressure to set gear reverse too late after the parking maneuver requires reversing, causing delays that may lead to incorrect parking or system timeouts.",,"{'process_model_variables': [{'name': 'Context', 'state': 'The system requests gear reverse, but the Gearbox controller delays applying pressure, resulting in prolonged parking time or failure to complete the parking maneuver within allowed moves.'}]}"
UCA-GearboxController-ApplyPressureSetGearReverse-duration-1,Gearbox controller,stopped_too_soon_applied_too_long,"The Gearbox controller applies pressure to set gear reverse for too short a duration, causing the gear not to engage fully and the vehicle to fail to reverse as commanded.",,"{'process_model_variables': [{'name': 'Context', 'state': 'During reversing, the pressure is released prematurely, causing the vehicle to stall or fail to move backward, potentially leading to incomplete parking or unexpected stops.'}]}"
UCA-GearboxController-ApplyPressureSetGearReverse-duration-2,Gearbox controller,stopped_too_soon_applied_too_long,"The Gearbox controller applies pressure to set gear reverse for too long, causing the vehicle to continue reversing beyond the intended distance or time.",,"{'process_model_variables': [{'name': 'Context', 'state': 'The gear remains engaged in reverse longer than necessary, causing the vehicle to reverse into obstacles, park outside the designated space, or block emergency services.'}]}"
UCA-GearboxController-Clutch-not_providing-1,Gearbox controller,not_provided,"Clutch control action is not provided when required to disengage the engine from the gearbox during gear shifting, causing gear grinding or inability to change gears.",,"{'process_model_variables': [{'name': 'Context', 'state': 'During the parking maneuver, the gearbox controller fails to send the clutch disengage command before shifting gears, leading to abrupt vehicle behavior or inability to park properly.'}]}"
UCA-GearboxController-Clutch-providing-1,Gearbox controller,provided,"Clutch is engaged (disengaged from engine) when it should not be, causing unintended loss of drive torque and possible vehicle stall or sudden deceleration.",,"{'process_model_variables': [{'name': 'Context', 'state': 'The gearbox controller activates the clutch during steady vehicle movement or acceleration phases, causing unexpected deceleration or loss of control during parking.'}]}"
UCA-GearboxController-Clutch-timing-1,Gearbox controller,too_early_too_late,"Clutch control action is provided too early or too late relative to gear shift commands, causing gear damage or abrupt vehicle jerks.",,"{'process_model_variables': [{'name': 'Context', 'state': 'The clutch is engaged after the gear shift command has already started or disengaged too late, resulting in harsh gear transitions during parking maneuvers.'}]}"
UCA-GearboxController-Clutch-duration-1,Gearbox controller,stopped_too_soon_applied_too_long,"Clutch is engaged for too short or too long a duration, causing incomplete gear shifts or excessive wear and vehicle instability.",,"{'process_model_variables': [{'name': 'Context', 'state': 'The clutch remains engaged longer than necessary, causing delayed vehicle response, or disengages too quickly, causing gear clash during parking.'}]}"
UCA-GearboxController-Unclutch-not_providing-1,Gearbox controller,not_provided,"The Gearbox controller does not send the 'Unclutch' command when required to engage gear changes during parking maneuvers, causing the vehicle to stall or fail to move as intended.",,"{'process_model_variables': [{'name': 'Context', 'state': {'process_model_variables': [{'name': 'Context', 'state': ""During parking maneuvers, if the 'Unclutch' action is not provided when shifting gears, the vehicle may not accelerate or decelerate smoothly, leading to improper parking, excessive acceleration/deceleration, or failure to stop in emergency situations.""}]}}]}"
UCA-GearboxController-Unclutch-providing-1,Gearbox controller,provided,"The Gearbox controller sends the 'Unclutch' command inappropriately while the vehicle is stationary or during critical control phases, causing unintended gear engagement or loss of torque control.",,"{'process_model_variables': [{'name': 'Context', 'state': ""If 'Unclutch' is applied when the vehicle is not supposed to move or while passengers are not safely seated, it can cause sudden vehicle movement, involuntary activation of the system, or failure to stop during emergencies.""}]}"
UCA-GearboxController-Unclutch-timing-1,Gearbox controller,too_early_too_late,"The Gearbox controller provides the 'Unclutch' command too early or too late relative to gear changes, causing jerky vehicle movements or delayed responses during parking.",,"{'process_model_variables': [{'name': 'Context', 'state': ""If 'Unclutch' is applied before the gear is properly selected or after the vehicle has started moving, it can cause excessive acceleration or deceleration, improper parking alignment, or violation of safe distances to objects.""}]}"
UCA-GearboxController-Unclutch-duration-1,Gearbox controller,stopped_too_soon_applied_too_long,"The Gearbox controller holds the 'Unclutch' command applied for too long or stops it too soon, leading to incomplete gear engagement or unintended vehicle movement.",,"{'process_model_variables': [{'name': 'Context', 'state': ""If 'Unclutch' is maintained longer than necessary, the vehicle may lose torque control causing sudden acceleration or deceleration; if stopped too soon, gear engagement may fail, causing the vehicle not to move or stall during parking.""}]}"
UCA-SounderController-ModulatedVoltage-not_providing-1,Sounder controller,not_provided,The Sounder controller does not provide modulated voltage to the parking process when an audible alert is needed to warn about proximity to obstacles or system states.,,"{'process_model_variables': [{'name': 'Context', 'state': 'During parking maneuvers when the vehicle approaches minimum safe distance to objects or when the system needs to communicate warnings to the driver or environment, but the sounder remains silent.'}]}"
UCA-SounderController-ModulatedVoltage-providing-1,Sounder controller,provided,"The Sounder controller provides modulated voltage causing the sounder to emit alerts when no hazard or warning condition exists, leading to false alarms.",,"{'process_model_variables': [{'name': 'Context', 'state': 'When the parking process is inactive or the vehicle is stationary and no obstacles or system warnings are present, but the sounder emits alerts confusing the driver or environment.'}]}"
UCA-SounderController-ModulatedVoltage-timing-1,Sounder controller,too_early_too_late,"The Sounder controller provides modulated voltage too early or too late relative to the actual hazard or system event, causing mistimed alerts.",,"{'process_model_variables': [{'name': 'Context', 'state': 'During parking, the sounder activates before the vehicle is near an obstacle or after the vehicle has already violated minimum distance, reducing the effectiveness of warnings.'}]}"
UCA-SounderController-ModulatedVoltage-duration-1,Sounder controller,stopped_too_soon_applied_too_long,"The Sounder controller applies modulated voltage for too short or too long a duration, resulting in incomplete or excessive alert signaling.",,"{'process_model_variables': [{'name': 'Context', 'state': 'During parking, the sounder stops alerting prematurely before the hazard is cleared or continues sounding excessively after the hazard is resolved, causing confusion or alarm fatigue.'}]}"
